antenna_id,spacecraft_name,azimuth,elevation,downlink_rate,uplink_rate,signal_type,timestamp,complex_id,is_active,rate_log,elevation_band,complex_id_encoded,z_score,is_anomaly,anomaly_label
DSS-14,DSN,0.0,90.0,0.0,0.0,none,2026-04-12T11:17:54.703340+00:00,Goldstone,False,0.0,HIGH,0,0.0,False,NORMAL
DSS-25,LUCY,222.0,25.0,62500.0,0.0,data,2026-04-12T11:17:54.703340+00:00,Goldstone,True,11.042937835596494,MID,0,0.0,False,NORMAL
DSS-26,ORX,180.0,90.0,0.0,0.0,none,2026-04-12T11:17:54.703340+00:00,Goldstone,False,0.0,HIGH,0,0.0,False,NORMAL
DSS-24,KPLO,180.0,90.0,0.0,0.0,none,2026-04-12T11:17:54.703340+00:00,Goldstone,False,0.0,HIGH,0,0.0,False,NORMAL
DSS-53,DSN,0.0,90.0,0.0,0.0,none,2026-04-12T11:17:54.703340+00:00,Madrid,False,0.0,HIGH,1,0.0,False,NORMAL
DSS-55,M01O,186.0,49.0,14220.0,0.0,data,2026-04-12T11:17:54.703340+00:00,Madrid,True,9.562475024372697,HIGH,1,0.0,False,NORMAL
DSS-63,SPP,192.0,47.0,595.2,0.0,data,2026-04-12T11:17:54.703340+00:00,Madrid,True,6.390576181243971,HIGH,1,0.0,False,NORMAL
DSS-56,SOHO,193.0,47.0,245800.0,0.0,data,2026-04-12T11:17:54.703340+00:00,Madrid,True,12.412277544454046,HIGH,1,0.0,False,NORMAL
DSS-54,ACE,152.0,58.0,87650.0,0.0,data,2026-04-12T11:17:54.703340+00:00,Madrid,True,11.381118299297418,HIGH,1,0.0,False,NORMAL
DSS-65,MMS2,80.0,90.0,1250000.0,0.0,none,2026-04-12T11:17:54.703340+00:00,Madrid,True,14.038654909278163,HIGH,1,0.0,False,NORMAL
DSS-35,DSN,0.0,90.0,0.0,0.0,none,2026-04-12T11:17:54.703340+00:00,Canberra,False,0.0,HIGH,2,0.0,False,NORMAL
DSS-36,DSS,0.0,90.0,0.0,0.0,none,2026-04-12T11:17:54.703340+00:00,Canberra,False,0.0,HIGH,2,0.0,False,NORMAL
DSS-34,JWST,91.0,23.0,28000000.0,0.0,data,2026-04-12T11:17:54.703340+00:00,Canberra,True,17.147715103853763,MID,2,0.0,False,NORMAL
DSS-43,VGR2,35.0,71.0,0.0,0.0,none,2026-04-12T11:17:54.703340+00:00,Canberra,False,0.0,HIGH,2,0.0,False,NORMAL
DSS-14,DSN,0.0,90.0,0.0,0.0,none,2026-04-12T11:20:48.870853+00:00,Goldstone,False,0.0,HIGH,0,0.0,False,NORMAL
DSS-25,LUCY,223.0,24.0,62500.0,0.0,data,2026-04-12T11:20:48.870853+00:00,Goldstone,True,11.042937835596494,MID,0,0.0,False,NORMAL
DSS-26,ORX,180.0,90.0,0.0,0.0,none,2026-04-12T11:20:48.870853+00:00,Goldstone,False,0.0,HIGH,0,0.0,False,NORMAL
DSS-24,KPLO,180.0,90.0,0.0,0.0,none,2026-04-12T11:20:48.870853+00:00,Goldstone,False,0.0,HIGH,0,0.0,False,NORMAL
DSS-53,DSN,0.0,90.0,0.0,0.0,none,2026-04-12T11:20:48.870853+00:00,Madrid,False,0.0,HIGH,1,0.0,False,NORMAL
DSS-55,M01O,187.0,49.0,14220.0,0.0,data,2026-04-12T11:20:48.870853+00:00,Madrid,True,9.562475024372697,HIGH,1,0.0,False,NORMAL
DSS-63,SPP,193.0,46.0,595.2,0.0,data,2026-04-12T11:20:48.870853+00:00,Madrid,True,6.390576181243971,HIGH,1,0.0,False,NORMAL
DSS-56,SOHO,194.0,47.0,245800.0,0.0,data,2026-04-12T11:20:48.870853+00:00,Madrid,True,12.412277544454046,HIGH,1,0.0,False,NORMAL
DSS-54,ACE,153.0,58.0,87650.0,0.0,data,2026-04-12T11:20:48.870853+00:00,Madrid,True,11.381118299297418,HIGH,1,0.0,False,NORMAL
DSS-65,MMS2,80.0,90.0,0.0,0.0,none,2026-04-12T11:20:48.870853+00:00,Madrid,False,0.0,HIGH,1,0.0,False,NORMAL
DSS-35,DSN,0.0,90.0,0.0,0.0,none,2026-04-12T11:20:48.870853+00:00,Canberra,False,0.0,HIGH,2,0.0,False,NORMAL
DSS-36,DSS,0.0,90.0,0.0,0.0,none,2026-04-12T11:20:48.870853+00:00,Canberra,False,0.0,HIGH,2,0.0,False,NORMAL
DSS-34,JWST,90.0,23.0,28000000.0,0.0,data,2026-04-12T11:20:48.870853+00:00,Canberra,True,17.147715103853763,MID,2,0.0,False,NORMAL
DSS-43,VGR2,78.0,29.0,0.0,0.0,none,2026-04-12T11:20:48.870853+00:00,Canberra,False,0.0,MID,2,0.0,False,NORMAL
DSS-14,DSN,0.0,90.0,0.0,0.0,none,2026-04-12T11:37:16.935603+00:00,Goldstone,False,0.0,HIGH,0,0.0,False,NORMAL
DSS-25,LUCY,226.0,22.0,62500.0,0.0,data,2026-04-12T11:37:16.935603+00:00,Goldstone,True,11.042937835596494,MID,0,0.0,False,NORMAL
DSS-24,KPLO,120.0,10.0,0.0,0.0,none,2026-04-12T11:37:16.935603+00:00,Goldstone,False,0.0,LOW,0,0.0,False,NORMAL
DSS-26,CAPS,180.0,90.0,0.0,0.0,data,2026-04-12T11:37:16.935603+00:00,Goldstone,False,0.0,HIGH,0,0.0,False,NORMAL
DSS-53,DSN,0.0,90.0,0.0,0.0,none,2026-04-12T11:37:16.935603+00:00,Madrid,False,0.0,HIGH,1,0.0,False,NORMAL
DSS-55,M01O,193.0,49.0,14220.0,0.0,data,2026-04-12T11:37:16.935603+00:00,Madrid,True,9.562475024372697,HIGH,1,0.0,False,NORMAL
DSS-63,SPP,198.0,46.0,595.2,0.0,data,2026-04-12T11:37:16.935603+00:00,Madrid,True,6.390576181243971,HIGH,1,0.0,False,NORMAL
DSS-56,SOHO,200.0,46.0,245800.0,0.0,data,2026-04-12T11:37:16.935603+00:00,Madrid,True,12.412277544454046,HIGH,1,0.0,False,NORMAL
DSS-54,ACE,161.0,59.0,87650.0,0.0,data,2026-04-12T11:37:16.935603+00:00,Madrid,True,11.381118299297418,HIGH,1,0.0,False,NORMAL
DSS-65,MRO,80.0,90.0,0.0,0.0,data,2026-04-12T11:37:16.935603+00:00,Madrid,False,0.0,HIGH,1,0.0,False,NORMAL
DSS-35,DSN,0.0,90.0,0.0,0.0,none,2026-04-12T11:37:16.935603+00:00,Canberra,False,0.0,HIGH,2,0.0,False,NORMAL
DSS-36,DSS,0.0,90.0,0.0,0.0,none,2026-04-12T11:37:16.935603+00:00,Canberra,False,0.0,HIGH,2,0.0,False,NORMAL
DSS-34,JWST,88.0,27.0,28000000.0,0.0,data,2026-04-12T11:37:16.935603+00:00,Canberra,True,17.147715103853763,MID,2,0.0,False,NORMAL
DSS-43,VGR2,161.0,10.0,159.9,0.0,data,2026-04-12T11:37:16.935603+00:00,Canberra,True,5.080783053998338,LOW,2,0.0,False,NORMAL
DSS-14,DSN,0.0,90.0,0.0,0.0,none,2026-04-12T11:40:06.941033+00:00,Goldstone,False,0.0,HIGH,0,0.0,False,NORMAL
DSS-25,LUCY,227.0,22.0,62500.0,0.0,data,2026-04-12T11:40:06.941033+00:00,Goldstone,True,11.042937835596494,MID,0,0.0,False,NORMAL
DSS-24,KPLO,120.0,10.0,0.0,0.0,none,2026-04-12T11:40:06.941033+00:00,Goldstone,False,0.0,LOW,0,0.0,False,NORMAL
DSS-26,CAPS,180.0,90.0,0.0,0.0,none,2026-04-12T11:40:06.941033+00:00,Goldstone,False,0.0,HIGH,0,0.0,False,NORMAL
DSS-53,DSN,0.0,90.0,0.0,0.0,none,2026-04-12T11:40:06.941033+00:00,Madrid,False,0.0,HIGH,1,0.0,False,NORMAL
DSS-55,M01O,194.0,49.0,14220.0,0.0,data,2026-04-12T11:40:06.941033+00:00,Madrid,True,9.562475024372697,HIGH,1,0.0,False,NORMAL
DSS-63,SPP,199.0,45.0,595.2,0.0,data,2026-04-12T11:40:06.941033+00:00,Madrid,True,6.390576181243971,MID,1,0.0,False,NORMAL
DSS-56,SOHO,201.0,46.0,245800.0,0.0,data,2026-04-12T11:40:06.941033+00:00,Madrid,True,12.412277544454046,HIGH,1,0.0,False,NORMAL
DSS-54,ACE,162.0,59.0,87650.0,0.0,data,2026-04-12T11:40:06.941033+00:00,Madrid,True,11.381118299297418,HIGH,1,0.0,False,NORMAL
DSS-65,MRO,80.0,90.0,0.0,0.0,none,2026-04-12T11:40:06.941033+00:00,Madrid,False,0.0,HIGH,1,0.0,False,NORMAL
DSS-35,DSN,0.0,90.0,0.0,0.0,none,2026-04-12T11:40:06.941033+00:00,Canberra,False,0.0,HIGH,2,0.0,False,NORMAL
DSS-36,DSS,0.0,90.0,0.0,0.0,none,2026-04-12T11:40:06.941033+00:00,Canberra,False,0.0,HIGH,2,0.0,False,NORMAL
DSS-34,JWST,88.0,27.0,28000000.0,0.0,data,2026-04-12T11:40:06.941033+00:00,Canberra,True,17.147715103853763,MID,2,0.0,False,NORMAL
DSS-43,VGR2,160.0,11.0,160.0,0.0,data,2026-04-12T11:40:06.941033+00:00,Canberra,True,5.081404364984463,LOW,2,0.0,False,NORMAL
DSS-14,DSN,0.0,90.0,0.0,0.0,none,2026-04-12T11:51:39.094978+00:00,Goldstone,False,0.0,HIGH,0,0.0,False,NORMAL
DSS-25,LUCY,228.0,20.0,62500.0,0.0,data,2026-04-12T11:51:39.094978+00:00,Goldstone,True,11.042937835596494,MID,0,0.0,False,NORMAL
DSS-24,KPLO,121.0,11.0,0.0,0.0,none,2026-04-12T11:51:39.094978+00:00,Goldstone,False,0.0,LOW,0,0.0,False,NORMAL
DSS-26,CAPS,180.0,90.0,0.0,0.0,none,2026-04-12T11:51:39.094978+00:00,Goldstone,False,0.0,HIGH,0,0.0,False,NORMAL
DSS-53,DSN,0.0,90.0,0.0,0.0,none,2026-04-12T11:51:39.094978+00:00,Madrid,False,0.0,HIGH,1,0.0,False,NORMAL
DSS-55,M01O,197.0,48.0,14220.0,0.0,data,2026-04-12T11:51:39.094978+00:00,Madrid,True,9.562475024372697,HIGH,1,0.0,False,NORMAL
DSS-63,SPP,202.0,45.0,595.2,0.0,data,2026-04-12T11:51:39.094978+00:00,Madrid,True,6.390576181243971,MID,1,0.0,False,NORMAL
DSS-56,SOHO,203.0,45.0,245800.0,0.0,data,2026-04-12T11:51:39.094978+00:00,Madrid,True,12.412277544454046,MID,1,0.0,False,NORMAL
DSS-54,ACE,166.0,60.0,87650.0,0.0,data,2026-04-12T11:51:39.094978+00:00,Madrid,True,11.381118299297418,HIGH,1,0.0,False,NORMAL
DSS-65,MRO,80.0,90.0,0.0,0.0,none,2026-04-12T11:51:39.094978+00:00,Madrid,False,0.0,HIGH,1,0.0,False,NORMAL
DSS-35,DSN,0.0,90.0,0.0,0.0,none,2026-04-12T11:51:39.094978+00:00,Canberra,False,0.0,HIGH,2,0.0,False,NORMAL
DSS-36,DSS,0.0,90.0,0.0,0.0,none,2026-04-12T11:51:39.094978+00:00,Canberra,False,0.0,HIGH,2,0.0,False,NORMAL
DSS-34,JWST,86.0,29.0,28000000.0,0.0,data,2026-04-12T11:51:39.094978+00:00,Canberra,True,17.147715103853763,MID,2,0.0,False,NORMAL
DSS-43,VGR2,160.0,11.0,160.0,0.0,data,2026-04-12T11:51:39.094978+00:00,Canberra,True,5.081404364984463,LOW,2,0.0,False,NORMAL
DSS-14,DSN,0.0,90.0,0.0,0.0,none,2026-04-12T12:05:24.933740+00:00,Goldstone,False,0.0,HIGH,0,0.0,False,NORMAL
DSS-25,LUCY,232.0,18.0,62500.0,0.0,data,2026-04-12T12:05:24.933740+00:00,Goldstone,True,11.042937835596494,MID,0,0.0,False,NORMAL
DSS-24,KPLO,124.0,14.0,0.0,0.0,none,2026-04-12T12:05:24.933740+00:00,Goldstone,False,0.0,LOW,0,0.0,False,NORMAL
DSS-26,CAPS,128.0,10.0,0.0,0.0,none,2026-04-12T12:05:24.933740+00:00,Goldstone,False,0.0,LOW,0,0.0,False,NORMAL
DSS-53,DSN,0.0,90.0,0.0,0.0,none,2026-04-12T12:05:24.933740+00:00,Madrid,False,0.0,HIGH,1,0.0,False,NORMAL
DSS-55,M01O,203.0,47.0,14220.0,0.0,data,2026-04-12T12:05:24.933740+00:00,Madrid,True,9.562475024372697,HIGH,1,0.0,False,NORMAL
DSS-63,SPP,208.0,43.0,595.2,0.0,data,2026-04-12T12:05:24.933740+00:00,Madrid,True,6.390576181243971,MID,1,0.0,False,NORMAL
DSS-56,SOHO,209.0,44.0,245800.0,0.0,data,2026-04-12T12:05:24.933740+00:00,Madrid,True,12.412277544454046,MID,1,0.0,False,NORMAL
DSS-54,ACE,174.0,60.0,87650.0,0.0,data,2026-04-12T12:05:24.933740+00:00,Madrid,True,11.381118299297418,HIGH,1,0.0,False,NORMAL
DSS-65,MRO,203.0,47.0,0.0,0.0,none,2026-04-12T12:05:24.933740+00:00,Madrid,False,0.0,HIGH,1,0.0,False,NORMAL
DSS-35,DSN,0.0,90.0,0.0,0.0,none,2026-04-12T12:05:24.933740+00:00,Canberra,False,0.0,HIGH,2,0.0,False,NORMAL
DSS-36,DSS,0.0,90.0,0.0,0.0,none,2026-04-12T12:05:24.933740+00:00,Canberra,False,0.0,HIGH,2,0.0,False,NORMAL
DSS-34,JWST,84.0,32.0,28000000.0,0.0,data,2026-04-12T12:05:24.933740+00:00,Canberra,True,17.147715103853763,MID,2,0.0,False,NORMAL
DSS-43,VGR2,158.0,12.0,160.0,0.0,data,2026-04-12T12:05:24.933740+00:00,Canberra,True,5.081404364984463,LOW,2,0.0,False,NORMAL
DSS-14,DSN,0.0,90.0,0.0,0.0,none,2026-04-12T12:17:57.838828+00:00,Goldstone,False,0.0,HIGH,0,0.0,False,NORMAL
DSS-25,LUCY,234.0,16.0,62500.0,0.0,data,2026-04-12T12:17:57.838828+00:00,Goldstone,True,11.042937835596494,MID,0,0.0,False,NORMAL
DSS-24,KPLO,126.0,16.0,0.0,0.0,none,2026-04-12T12:17:57.838828+00:00,Goldstone,False,0.0,MID,0,0.0,False,NORMAL
DSS-26,CAPS,130.0,12.0,256000.0,0.0,data,2026-04-12T12:17:57.838828+00:00,Goldstone,True,12.45293662970407,LOW,0,0.0,False,NORMAL
DSS-53,DSN,0.0,90.0,0.0,0.0,none,2026-04-12T12:17:57.838828+00:00,Madrid,False,0.0,HIGH,1,0.0,False,NORMAL
DSS-55,M01O,207.0,46.0,14220.0,0.0,data,2026-04-12T12:17:57.838828+00:00,Madrid,True,9.562475024372697,HIGH,1,0.0,False,NORMAL
DSS-63,SPP,212.0,42.0,595.2,0.0,data,2026-04-12T12:17:57.838828+00:00,Madrid,True,6.390576181243971,MID,1,0.0,False,NORMAL
DSS-56,SOHO,213.0,43.0,245800.0,0.0,data,2026-04-12T12:17:57.838828+00:00,Madrid,True,12.412277544454046,MID,1,0.0,False,NORMAL
DSS-54,ACE,181.0,61.0,87650.0,0.0,data,2026-04-12T12:17:57.838828+00:00,Madrid,True,11.381118299297418,HIGH,1,0.0,False,NORMAL
DSS-65,MRO,208.0,46.0,0.0,0.0,data,2026-04-12T12:17:57.838828+00:00,Madrid,False,0.0,HIGH,1,0.0,False,NORMAL
DSS-35,DSN,0.0,90.0,0.0,0.0,none,2026-04-12T12:17:57.838828+00:00,Canberra,False,0.0,HIGH,2,0.0,False,NORMAL
DSS-36,DSS,0.0,90.0,0.0,0.0,none,2026-04-12T12:17:57.838828+00:00,Canberra,False,0.0,HIGH,2,0.0,False,NORMAL
DSS-34,JWST,82.0,35.0,28000000.0,0.0,data,2026-04-12T12:17:57.838828+00:00,Canberra,True,17.147715103853763,MID,2,0.0,False,NORMAL
DSS-43,VGR2,156.0,13.0,160.0,0.0,data,2026-04-12T12:17:57.838828+00:00,Canberra,True,5.081404364984463,LOW,2,0.0,False,NORMAL
DSS-14,DSN,0.0,90.0,0.0,0.0,none,2026-04-12T12:25:39.153523+00:00,Goldstone,False,0.0,HIGH,0,0.0,False,NORMAL
DSS-25,LUCY,235.0,15.0,62500.0,0.0,data,2026-04-12T12:25:39.153523+00:00,Goldstone,True,11.042937835596494,MID,0,0.0,False,NORMAL
DSS-24,KPLO,127.0,17.0,0.0,0.0,none,2026-04-12T12:25:39.153523+00:00,Goldstone,False,0.0,MID,0,0.0,False,NORMAL
DSS-26,CAPS,131.0,13.0,256000.0,0.0,data,2026-04-12T12:25:39.153523+00:00,Goldstone,True,12.45293662970407,LOW,0,0.0,False,NORMAL
DSS-53,DSN,0.0,90.0,0.0,0.0,none,2026-04-12T12:25:39.153523+00:00,Madrid,False,0.0,HIGH,1,0.0,False,NORMAL
DSS-55,M01O,208.0,46.0,14220.0,0.0,data,2026-04-12T12:25:39.153523+00:00,Madrid,True,9.562475024372697,HIGH,1,0.0,False,NORMAL
DSS-63,SPP,213.0,42.0,595.2,0.0,data,2026-04-12T12:25:39.153523+00:00,Madrid,True,6.390576181243971,MID,1,0.0,False,NORMAL
DSS-56,SOHO,214.0,42.0,245800.0,0.0,data,2026-04-12T12:25:39.153523+00:00,Madrid,True,12.412277544454046,MID,1,0.0,False,NORMAL
DSS-54,ACE,182.0,60.0,87650.0,0.0,data,2026-04-12T12:25:39.153523+00:00,Madrid,True,11.381118299297418,HIGH,1,0.0,False,NORMAL
DSS-65,MRO,209.0,46.0,0.0,0.0,data,2026-04-12T12:25:39.153523+00:00,Madrid,False,0.0,HIGH,1,0.0,False,NORMAL
DSS-35,DSN,0.0,90.0,0.0,0.0,none,2026-04-12T12:25:39.153523+00:00,Canberra,False,0.0,HIGH,2,0.0,False,NORMAL
DSS-36,DSS,0.0,90.0,0.0,0.0,none,2026-04-12T12:25:39.153523+00:00,Canberra,False,0.0,HIGH,2,0.0,False,NORMAL
DSS-34,JWST,81.0,35.0,28000000.0,0.0,data,2026-04-12T12:25:39.153523+00:00,Canberra,True,17.147715103853763,MID,2,0.0,False,NORMAL
DSS-43,VGR2,156.0,14.0,160.0,0.0,data,2026-04-12T12:25:39.153523+00:00,Canberra,True,5.081404364984463,LOW,2,0.0,False,NORMAL
DSS-14,DSN,0.0,90.0,0.0,0.0,none,2026-04-12T12:45:37.472182+00:00,Goldstone,False,0.0,HIGH,0,0.0,False,NORMAL
DSS-24,KPLO,131.0,21.0,0.0,0.0,none,2026-04-12T12:45:37.472182+00:00,Goldstone,False,0.0,MID,0,0.0,False,NORMAL
DSS-26,CAPS,135.0,16.0,256000.0,0.0,data,2026-04-12T12:45:37.472182+00:00,Goldstone,True,12.45293662970407,MID,0,0.0,False,NORMAL
DSS-25,STA,180.0,90.0,0.0,0.0,none,2026-04-12T12:45:37.472182+00:00,Goldstone,False,0.0,HIGH,0,0.0,False,NORMAL
DSS-53,DSN,0.0,90.0,0.0,0.0,none,2026-04-12T12:45:37.472182+00:00,Madrid,False,0.0,HIGH,1,0.0,False,NORMAL
DSS-55,M01O,216.0,43.0,14220.0,0.0,none,2026-04-12T12:45:37.472182+00:00,Madrid,True,9.562475024372697,MID,1,0.0,False,NORMAL
DSS-63,SPP,220.0,39.0,595.2,0.0,data,2026-04-12T12:45:37.472182+00:00,Madrid,True,6.390576181243971,MID,1,0.0,False,NORMAL
DSS-56,SOHO,221.0,40.0,245800.0,0.0,data,2026-04-12T12:45:37.472182+00:00,Madrid,True,12.412277544454046,MID,1,0.0,False,NORMAL
DSS-54,ACE,90.0,90.0,87670.0,0.0,none,2026-04-12T12:45:37.472182+00:00,Madrid,True,11.381346450927982,HIGH,1,0.0,False,NORMAL
DSS-65,MRO,216.0,43.0,1151000.0,0.0,none,2026-04-12T12:45:37.472182+00:00,Madrid,True,13.956142556513372,MID,1,0.0,False,NORMAL
DSS-35,DSN,0.0,90.0,0.0,0.0,none,2026-04-12T12:45:37.472182+00:00,Canberra,False,0.0,HIGH,2,0.0,False,NORMAL
DSS-36,DSS,0.0,90.0,0.0,0.0,none,2026-04-12T12:45:37.472182+00:00,Canberra,False,0.0,HIGH,2,0.0,False,NORMAL
DSS-34,JWST,77.0,40.0,28000000.0,0.0,data,2026-04-12T12:45:37.472182+00:00,Canberra,True,17.147715103853763,MID,2,0.0,False,NORMAL
DSS-43,VGR2,154.0,16.0,160.0,0.0,data,2026-04-12T12:45:37.472182+00:00,Canberra,True,5.081404364984463,MID,2,0.0,False,NORMAL
DSS-14,DSN,0.0,90.0,0.0,0.0,none,2026-04-12T13:13:25.212378+00:00,Goldstone,False,0.0,HIGH,0,0.0,False,NORMAL
DSS-24,KPLO,137.0,25.0,0.0,0.0,none,2026-04-12T13:13:25.212378+00:00,Goldstone,False,0.0,MID,0,0.0,False,NORMAL
DSS-26,CAPS,140.0,20.0,256000.0,0.0,none,2026-04-12T13:13:25.212378+00:00,Goldstone,True,12.45293662970407,MID,0,0.0,False,NORMAL
DSS-25,STA,180.0,90.0,0.0,0.0,none,2026-04-12T13:13:25.212378+00:00,Goldstone,False,0.0,HIGH,0,0.0,False,NORMAL
DSS-53,DSN,0.0,90.0,0.0,0.0,none,2026-04-12T13:13:25.212378+00:00,Madrid,False,0.0,HIGH,1,0.0,False,NORMAL
DSS-55,M01O,224.0,40.0,14220.0,0.0,data,2026-04-12T13:13:25.212378+00:00,Madrid,True,9.562475024372697,MID,1,-1.0,False,NORMAL
DSS-63,SPP,227.0,36.0,595.2,0.0,data,2026-04-12T13:13:25.212378+00:00,Madrid,True,6.390576181243971,MID,1,0.0,False,NORMAL
DSS-56,SOHO,0.0,90.0,0.0,0.0,none,2026-04-12T13:13:25.212378+00:00,Madrid,False,0.0,HIGH,1,-2.1213203435596424,False,NORMAL
DSS-65,MRO,225.0,40.0,1000000.0,0.0,data,2026-04-12T13:13:25.212378+00:00,Madrid,True,13.815511557963774,MID,1,0.0,False,NORMAL
DSS-54,SOHO,90.0,90.0,0.0,0.0,none,2026-04-12T13:13:25.212378+00:00,Madrid,False,0.0,HIGH,1,-2.1213203435596424,False,NORMAL
DSS-35,DSN,0.0,90.0,0.0,0.0,none,2026-04-12T13:13:25.212378+00:00,Canberra,False,0.0,HIGH,2,0.0,False,NORMAL
DSS-36,DSS,0.0,90.0,0.0,0.0,none,2026-04-12T13:13:25.212378+00:00,Canberra,False,0.0,HIGH,2,0.0,False,NORMAL
DSS-34,JWST,71.0,46.0,28000000.0,0.0,data,2026-04-12T13:13:25.212378+00:00,Canberra,True,17.147715103853763,HIGH,2,1.0,False,NORMAL
DSS-43,VGR2,151.0,18.0,160.0,0.0,data,2026-04-12T13:13:25.212378+00:00,Canberra,True,5.081404364984463,MID,2,0.5000382083867646,False,NORMAL
DSS-14,DSN,0.0,90.0,0.0,0.0,none,2026-04-12T13:42:30.630653+00:00,Goldstone,False,0.0,HIGH,0,0.0,False,NORMAL
DSS-24,KPLO,143.0,28.0,8500000.0,0.0,data,2026-04-12T13:42:30.630653+00:00,Goldstone,True,15.955576839107596,MID,0,3.162277660168379,True,HIGH
DSS-26,CAPS,146.0,24.0,256000.0,0.0,data,2026-04-12T13:42:30.630653+00:00,Goldstone,True,12.45293662970407,MID,0,0.0,False,NORMAL
DSS-25,STA,139.0,30.0,0.0,0.0,data,2026-04-12T13:42:30.630653+00:00,Goldstone,False,0.0,MID,0,0.0,False,NORMAL
DSS-53,DSN,0.0,90.0,0.0,0.0,none,2026-04-12T13:42:30.630653+00:00,Madrid,False,0.0,HIGH,1,0.0,False,NORMAL
DSS-55,M01O,232.0,36.0,14220.0,0.0,data,2026-04-12T13:42:30.630653+00:00,Madrid,True,9.562475024372697,MID,1,-1.35400640077266,False,NORMAL
DSS-63,SPP,234.0,31.0,595.2,0.0,data,2026-04-12T13:42:30.630653+00:00,Madrid,True,6.390576181243971,MID,1,0.0,False,NORMAL
DSS-65,MRO,232.0,36.0,1000000.0,0.0,data,2026-04-12T13:42:30.630653+00:00,Madrid,True,13.815511557963774,MID,1,0.0,False,NORMAL
DSS-54,SOHO,236.0,31.0,245800.0,0.0,data,2026-04-12T13:42:30.630653+00:00,Madrid,True,12.412277544454046,MID,1,0.4472135954999579,False,NORMAL
DSS-56,IMAP,222.0,53.0,0.0,0.0,none,2026-04-12T13:42:30.630653+00:00,Madrid,False,0.0,HIGH,1,0.0,False,NORMAL
DSS-35,DSN,0.0,90.0,0.0,0.0,none,2026-04-12T13:42:30.630653+00:00,Canberra,False,0.0,HIGH,2,0.0,False,NORMAL
DSS-36,DSS,0.0,90.0,0.0,0.0,none,2026-04-12T13:42:30.630653+00:00,Canberra,False,0.0,HIGH,2,0.0,False,NORMAL
DSS-34,JWST,65.0,51.0,28000000.0,0.0,data,2026-04-12T13:42:30.630653+00:00,Canberra,True,17.147715103853763,HIGH,2,1.0,False,NORMAL
DSS-43,VGR2,149.0,21.0,160.0,0.0,data,2026-04-12T13:42:30.630653+00:00,Canberra,True,5.081404364984463,MID,2,0.4714397433979819,False,NORMAL
DSS-14,DSN,0.0,90.0,0.0,0.0,none,2026-04-12T14:05:21.295305+00:00,Goldstone,False,0.0,HIGH,0,0.0,False,NORMAL
DSS-26,CAPS,151.0,26.0,256000.0,0.0,data,2026-04-12T14:05:21.295305+00:00,Goldstone,True,12.45293662970407,MID,0,0.816496580927726,False,NORMAL
DSS-25,STA,145.0,33.0,0.0,0.0,data,2026-04-12T14:05:21.295305+00:00,Goldstone,False,0.0,MID,0,0.0,False,NORMAL
DSS-24,MMS3,180.0,90.0,0.0,0.0,none,2026-04-12T14:05:21.295305+00:00,Goldstone,False,0.0,HIGH,0,0.0,False,NORMAL
DSS-53,DSN,0.0,90.0,0.0,0.0,none,2026-04-12T14:05:21.295305+00:00,Madrid,False,0.0,HIGH,1,0.0,False,NORMAL
DSS-55,M01O,237.0,32.0,14220.0,0.0,data,2026-04-12T14:05:21.295305+00:00,Madrid,True,9.562475024372697,MID,1,-1.3093073414159542,False,NORMAL
DSS-63,SPP,239.0,28.0,595.2,0.0,data,2026-04-12T14:05:21.295305+00:00,Madrid,True,6.390576181243971,MID,1,0.0,False,NORMAL
DSS-65,MRO,238.0,32.0,1000000.0,0.0,data,2026-04-12T14:05:21.295305+00:00,Madrid,True,13.815511557963774,MID,1,1.2195438562076921,False,NORMAL
DSS-54,SOHO,241.0,28.0,245800.0,0.0,data,2026-04-12T14:05:21.295305+00:00,Madrid,True,12.412277544454046,MID,1,0.426401432711221,False,NORMAL
DSS-56,IMAP,230.0,50.0,714300.0,0.0,data,2026-04-12T14:05:21.295305+00:00,Madrid,True,13.479059721114085,HIGH,1,0.0,False,NORMAL
DSS-35,DSN,0.0,90.0,0.0,0.0,none,2026-04-12T14:05:21.295305+00:00,Canberra,False,0.0,HIGH,2,0.0,False,NORMAL
DSS-36,DSS,0.0,90.0,0.0,0.0,none,2026-04-12T14:05:21.295305+00:00,Canberra,False,0.0,HIGH,2,0.0,False,NORMAL
DSS-34,JWST,58.0,55.0,28000000.0,0.0,data,2026-04-12T14:05:21.295305+00:00,Canberra,True,17.147715103853763,HIGH,2,1.0,False,NORMAL
DSS-43,VGR2,147.0,24.0,160.0,0.0,data,2026-04-12T14:05:21.295305+00:00,Canberra,True,5.081404364984463,MID,2,0.4472464029847763,False,NORMAL
DSS-14,DSN,0.0,90.0,0.0,0.0,none,2026-04-12T14:23:33.804845+00:00,Goldstone,False,0.0,HIGH,0,0.0,False,NORMAL
DSS-26,CAPS,155.0,28.0,256000.0,0.0,data,2026-04-12T14:23:33.804845+00:00,Goldstone,True,12.45293662970407,MID,0,0.7559289460184544,False,NORMAL
DSS-25,STA,149.0,35.0,0.0,0.0,data,2026-04-12T14:23:33.804845+00:00,Goldstone,False,0.0,MID,0,0.0,False,NORMAL
DSS-24,MMS3,180.0,90.0,0.0,0.0,none,2026-04-12T14:23:33.804845+00:00,Goldstone,False,0.0,HIGH,0,0.0,False,NORMAL
DSS-53,DSN,0.0,90.0,0.0,0.0,none,2026-04-12T14:23:33.804845+00:00,Madrid,False,0.0,HIGH,1,0.0,False,NORMAL
DSS-55,M01O,241.0,29.0,14220.0,0.0,data,2026-04-12T14:23:33.804845+00:00,Madrid,True,9.562475024372697,MID,1,-1.2747548783981961,False,NORMAL
DSS-63,SPP,243.0,25.0,595.2,0.0,data,2026-04-12T14:23:33.804845+00:00,Madrid,True,6.390576181243971,MID,1,0.0,False,NORMAL
DSS-65,MRO,242.0,29.0,688800.0,0.0,none,2026-04-12T14:23:33.804845+00:00,Madrid,True,13.442707683894836,MID,1,1.0476919620517218,False,NORMAL
DSS-54,SOHO,244.0,25.0,245800.0,0.0,data,2026-04-12T14:23:33.804845+00:00,Madrid,True,12.412277544454046,MID,1,0.4082482904638633,False,NORMAL
DSS-56,IMAP,235.0,48.0,714300.0,0.0,data,2026-04-12T14:23:33.804845+00:00,Madrid,True,13.479059721114085,HIGH,1,0.0,False,NORMAL
DSS-35,DSN,0.0,90.0,0.0,0.0,none,2026-04-12T14:23:33.804845+00:00,Canberra,False,0.0,HIGH,2,0.0,False,NORMAL
DSS-36,DSS,0.0,90.0,0.0,0.0,none,2026-04-12T14:23:33.804845+00:00,Canberra,False,0.0,HIGH,2,0.0,False,NORMAL
DSS-34,JWST,15.0,90.0,27710000.0,0.0,none,2026-04-12T14:23:33.804845+00:00,Canberra,True,17.137303952927216,HIGH,2,-3.4641016151381483,True,LOW
DSS-43,VGR2,146.0,26.0,160.0,0.0,data,2026-04-12T14:23:33.804845+00:00,Canberra,True,5.081404364984463,MID,2,0.42643223941913533,False,NORMAL
DSS-14,DSN,0.0,90.0,0.0,0.0,none,2026-04-12T14:43:24.937314+00:00,Goldstone,False,0.0,HIGH,0,0.0,False,NORMAL
DSS-26,CAPS,180.0,90.0,0.0,0.0,none,2026-04-12T14:43:24.937314+00:00,Goldstone,False,0.0,HIGH,0,-1.183215956619923,False,NORMAL
DSS-25,STA,155.0,37.0,0.0,0.0,data,2026-04-12T14:43:24.937314+00:00,Goldstone,False,0.0,MID,0,0.0,False,NORMAL
DSS-24,MMS3,149.0,16.0,1250000.0,0.0,data,2026-04-12T14:43:24.937314+00:00,Goldstone,True,14.038654909278163,MID,0,0.0,False,NORMAL
DSS-53,DSN,0.0,90.0,0.0,0.0,none,2026-04-12T14:43:24.937314+00:00,Madrid,False,0.0,HIGH,1,0.0,False,NORMAL
DSS-63,SPP,247.0,21.0,595.2,0.0,data,2026-04-12T14:43:24.937314+00:00,Madrid,True,6.390576181243971,MID,1,0.0,False,NORMAL
DSS-65,MRO,246.0,26.0,688800.0,0.0,none,2026-04-12T14:43:24.937314+00:00,Madrid,True,13.442707683894836,MID,1,0.9601368187689718,False,NORMAL
DSS-55,TGO,246.0,26.0,357100.0,0.0,data,2026-04-12T14:43:24.937314+00:00,Madrid,True,12.785773933914658,MID,1,0.0,False,NORMAL
DSS-54,SOHO,248.0,21.0,245800.0,0.0,data,2026-04-12T14:43:24.937314+00:00,Madrid,True,12.412277544454046,MID,1,0.39223227027636814,False,NORMAL
DSS-56,IMAP,241.0,44.0,714300.0,0.0,data,2026-04-12T14:43:24.937314+00:00,Madrid,True,13.479059721114083,MID,1,0.0,False,NORMAL
DSS-35,DSN,0.0,90.0,0.0,0.0,none,2026-04-12T14:43:24.937314+00:00,Canberra,False,0.0,HIGH,2,0.0,False,NORMAL
DSS-36,DSS,0.0,90.0,0.0,0.0,none,2026-04-12T14:43:24.937314+00:00,Canberra,False,0.0,HIGH,2,0.0,False,NORMAL
DSS-34,JWST,0.0,90.0,0.0,0.0,none,2026-04-12T14:43:24.937314+00:00,Canberra,False,0.0,HIGH,2,-3.605550614786255,True,LOW
DSS-43,VGR2,145.0,28.0,160.0,0.0,data,2026-04-12T14:43:24.937314+00:00,Canberra,True,5.081404364984463,MID,2,0.40827740745736724,False,NORMAL
DSS-14,DSN,0.0,90.0,0.0,0.0,none,2026-04-12T15:01:45.430475+00:00,Goldstone,False,0.0,HIGH,0,0.0,False,NORMAL
DSS-25,STA,160.0,39.0,0.0,0.0,data,2026-04-12T15:01:45.430475+00:00,Goldstone,False,0.0,MID,0,0.0,False,NORMAL
DSS-24,MMS3,152.0,18.0,1250000.0,0.0,data,2026-04-12T15:01:45.430475+00:00,Goldstone,True,14.038654909278163,MID,0,0.0,False,NORMAL
DSS-26,MRO,180.0,90.0,0.0,0.0,none,2026-04-12T15:01:45.430475+00:00,Goldstone,False,0.0,HIGH,0,-0.9997583536801723,False,NORMAL
DSS-53,DSN,0.0,90.0,0.0,0.0,none,2026-04-12T15:01:45.430475+00:00,Madrid,False,0.0,HIGH,1,0.0,False,NORMAL
DSS-65,MRO,249.0,23.0,666700.0,0.0,data,2026-04-12T15:01:45.430475+00:00,Madrid,True,13.41009694853003,MID,1,0.9615743649467807,False,NORMAL
DSS-55,TGO,249.0,23.0,1074000.0,0.0,none,2026-04-12T15:01:45.430475+00:00,Madrid,True,13.88690148514921,MID,1,0.0,False,NORMAL
DSS-54,SOHO,252.0,18.0,245800.0,0.0,data,2026-04-12T15:01:45.430475+00:00,Madrid,True,12.412277544454046,MID,1,0.3779644730092275,False,NORMAL
DSS-56,IMAP,245.0,41.0,714300.0,0.0,data,2026-04-12T15:01:45.430475+00:00,Madrid,True,13.479059721114085,MID,1,0.0,False,NORMAL
DSS-35,DSN,0.0,90.0,0.0,0.0,none,2026-04-12T15:01:45.430475+00:00,Canberra,False,0.0,HIGH,2,0.0,False,NORMAL
DSS-36,DSS,0.0,90.0,0.0,0.0,none,2026-04-12T15:01:45.430475+00:00,Canberra,False,0.0,HIGH,2,0.0,False,NORMAL
DSS-43,VGR2,144.0,30.0,160.0,0.0,data,2026-04-12T15:01:45.430475+00:00,Canberra,True,5.081404364984463,MID,2,0.3922599375320132,False,NORMAL
DSS-34,TDR8,295.0,6.0,0.0,0.0,none,2026-04-12T15:01:45.430475+00:00,Canberra,False,0.0,LOW,2,0.0,False,NORMAL
DSS-14,DSN,0.0,90.0,0.0,0.0,none,2026-04-12T15:22:32.161806+00:00,Goldstone,False,0.0,HIGH,0,0.0,False,NORMAL
DSS-25,STA,167.0,40.0,0.0,0.0,data,2026-04-12T15:22:32.161806+00:00,Goldstone,False,0.0,MID,0,0.0,False,NORMAL
DSS-24,MMS3,157.0,20.0,1250000.0,0.0,data,2026-04-12T15:22:32.161806+00:00,Goldstone,True,14.038654909278163,MID,0,0.0,False,NORMAL
DSS-26,MRO,117.0,33.0,0.0,0.0,none,2026-04-12T15:22:32.161806+00:00,Goldstone,False,0.0,MID,0,-0.9997474870013161,False,NORMAL
DSS-53,DSN,0.0,90.0,0.0,0.0,none,2026-04-12T15:22:32.161806+00:00,Madrid,False,0.0,HIGH,1,0.0,False,NORMAL
DSS-65,MRO,253.0,19.0,666700.0,0.0,data,2026-04-12T15:22:32.161806+00:00,Madrid,True,13.41009694853003,MID,1,0.9662569154701726,False,NORMAL
DSS-55,TGO,253.0,19.0,1074000.0,0.0,none,2026-04-12T15:22:32.161806+00:00,Madrid,True,13.88690148514921,MID,1,0.0,False,NORMAL
DSS-54,SOHO,255.0,14.0,245800.0,0.0,data,2026-04-12T15:22:32.161806+00:00,Madrid,True,12.412277544454046,LOW,1,0.36514837167011094,False,NORMAL
DSS-56,IMAP,250.0,38.0,714300.0,0.0,data,2026-04-12T15:22:32.161806+00:00,Madrid,True,13.479059721114085,MID,1,0.0,False,NORMAL
DSS-35,DSN,0.0,90.0,0.0,0.0,none,2026-04-12T15:22:32.161806+00:00,Canberra,False,0.0,HIGH,2,0.0,False,NORMAL
DSS-36,DSS,0.0,90.0,0.0,0.0,none,2026-04-12T15:22:32.161806+00:00,Canberra,False,0.0,HIGH,2,0.0,False,NORMAL
DSS-43,VGR2,143.0,33.0,160.0,0.0,data,2026-04-12T15:22:32.161806+00:00,Canberra,True,5.081404364984463,MID,2,0.3779908799045489,False,NORMAL
DSS-34,TDR8,294.0,6.0,4000.0,0.0,data,2026-04-12T15:22:32.161806+00:00,Canberra,True,8.294299608857235,LOW,2,0.0,False,NORMAL
DSS-14,DSN,0.0,90.0,0.0,0.0,none,2026-04-12T15:43:12.096366+00:00,Goldstone,False,0.0,HIGH,0,0.0,False,NORMAL
DSS-25,STA,180.0,90.0,0.0,0.0,none,2026-04-12T15:43:12.096366+00:00,Goldstone,False,0.0,HIGH,0,0.0,False,NORMAL
DSS-24,MMS3,161.0,22.0,1250000.0,0.0,data,2026-04-12T15:43:12.096366+00:00,Goldstone,True,14.038654909278163,MID,0,0.0,False,NORMAL
DSS-26,MRO,122.0,37.0,0.0,0.0,none,2026-04-12T15:43:12.096366+00:00,Goldstone,False,0.0,MID,0,-0.9997710180179908,False,NORMAL
DSS-53,DSN,0.0,90.0,0.0,0.0,none,2026-04-12T15:43:12.096366+00:00,Madrid,False,0.0,HIGH,1,0.0,False,NORMAL
DSS-65,MRO,154.0,90.0,766600.0,0.0,none,2026-04-12T15:43:12.096366+00:00,Madrid,True,13.549721736388998,HIGH,1,0.988188408455041,False,NORMAL
DSS-55,TGO,257.0,15.0,357100.0,0.0,data,2026-04-12T15:43:12.096366+00:00,Madrid,True,12.785773933914658,MID,1,0.0,False,NORMAL
DSS-54,SOHO,153.0,90.0,245800.0,0.0,none,2026-04-12T15:43:12.096366+00:00,Madrid,True,12.412277544454046,HIGH,1,0.3535533905932741,False,NORMAL
DSS-56,IMAP,254.0,34.0,714300.0,0.0,data,2026-04-12T15:43:12.096366+00:00,Madrid,True,13.479059721114085,MID,1,0.0,False,NORMAL
DSS-35,DSN,0.0,90.0,0.0,0.0,none,2026-04-12T15:43:12.096366+00:00,Canberra,False,0.0,HIGH,2,0.0,False,NORMAL
DSS-36,DSS,0.0,90.0,0.0,0.0,none,2026-04-12T15:43:12.096366+00:00,Canberra,False,0.0,HIGH,2,0.0,False,NORMAL
DSS-43,VGR2,142.0,35.0,160.0,0.0,data,2026-04-12T15:43:12.096366+00:00,Canberra,True,5.081404364984463,MID,2,0.36517367053689825,False,NORMAL
DSS-34,TDR8,294.0,7.0,4000.0,0.0,data,2026-04-12T15:43:12.096366+00:00,Canberra,True,8.294299608857235,LOW,2,0.0,False,NORMAL
DSS-14,DSN,0.0,90.0,0.0,0.0,none,2026-04-12T15:59:32.617175+00:00,Goldstone,False,0.0,HIGH,0,0.0,False,NORMAL
DSS-24,MMS3,0.0,90.0,0.0,0.0,none,2026-04-12T15:59:32.617175+00:00,Goldstone,False,0.0,HIGH,0,0.0,False,NORMAL
DSS-26,MRO,126.0,40.0,0.0,0.0,none,2026-04-12T15:59:32.617175+00:00,Goldstone,False,0.0,MID,0,-0.9043457351306401,False,NORMAL
DSS-25,M01O,180.0,90.0,0.0,0.0,none,2026-04-12T15:59:32.617175+00:00,Goldstone,False,0.0,HIGH,0,-3.605551275463989,True,LOW
DSS-53,DSN,0.0,90.0,0.0,0.0,none,2026-04-12T15:59:32.617175+00:00,Madrid,False,0.0,HIGH,1,0.0,False,NORMAL
DSS-65,MRO,0.0,90.0,0.0,0.0,none,2026-04-12T15:59:32.617175+00:00,Madrid,False,0.0,HIGH,1,-0.9043457351306401,False,NORMAL
DSS-55,TGO,259.0,12.0,357100.0,0.0,data,2026-04-12T15:59:32.617175+00:00,Madrid,True,12.785773933914658,LOW,1,0.0,False,NORMAL
DSS-54,SOHO,90.0,90.0,0.0,0.0,none,2026-04-12T15:59:32.617175+00:00,Madrid,False,0.0,HIGH,1,-2.3094010767585025,False,NORMAL
DSS-56,IMAP,257.0,31.0,714300.0,0.0,data,2026-04-12T15:59:32.617175+00:00,Madrid,True,13.479059721114085,MID,1,0.0,False,NORMAL
DSS-35,DSN,0.0,90.0,0.0,0.0,none,2026-04-12T15:59:32.617175+00:00,Canberra,False,0.0,HIGH,2,0.0,False,NORMAL
DSS-36,DSS,0.0,90.0,0.0,0.0,none,2026-04-12T15:59:32.617175+00:00,Canberra,False,0.0,HIGH,2,0.0,False,NORMAL
DSS-43,VGR2,142.0,37.0,160.0,0.0,data,2026-04-12T15:59:32.617175+00:00,Canberra,True,5.081404364984463,MID,2,0.3535777059829932,False,NORMAL
DSS-34,TDR8,293.0,7.0,4000.0,0.0,data,2026-04-12T15:59:32.617175+00:00,Canberra,True,8.294299608857235,LOW,2,0.0,False,NORMAL
DSS-14,DSN,0.0,90.0,0.0,0.0,none,2026-04-12T16:17:42.482854+00:00,Goldstone,False,0.0,HIGH,0,0.0,False,NORMAL
DSS-26,MRO,130.0,43.0,909400.0,0.0,none,2026-04-12T16:17:42.482854+00:00,Goldstone,True,13.72054141999857,MID,0,1.060736071513162,False,NORMAL
DSS-25,M01O,131.0,43.0,0.0,0.0,none,2026-04-12T16:17:42.482854+00:00,Goldstone,False,0.0,MID,0,-2.5495097567963922,False,NORMAL
DSS-24,MMS4,169.0,24.0,2500000.0,0.0,data,2026-04-12T16:17:42.482854+00:00,Goldstone,True,14.731801689838349,MID,0,0.0,False,NORMAL
DSS-53,DSN,0.0,90.0,0.0,0.0,none,2026-04-12T16:17:42.482854+00:00,Madrid,False,0.0,HIGH,1,0.0,False,NORMAL
DSS-55,TGO,90.0,90.0,275900.0,0.0,none,2026-04-12T16:17:42.482854+00:00,Madrid,True,12.52779738470044,HIGH,1,0.0,False,NORMAL
DSS-56,IMAP,260.0,27.0,714300.0,0.0,data,2026-04-12T16:17:42.482854+00:00,Madrid,True,13.479059721114083,MID,1,0.0,False,NORMAL
DSS-65,WIND,81.0,89.0,0.0,0.0,none,2026-04-12T16:17:42.482854+00:00,Madrid,False,0.0,HIGH,1,0.0,False,NORMAL
DSS-35,DSN,0.0,90.0,0.0,0.0,none,2026-04-12T16:17:42.482854+00:00,Canberra,False,0.0,HIGH,2,0.0,False,NORMAL
DSS-36,DSS,0.0,90.0,0.0,0.0,none,2026-04-12T16:17:42.482854+00:00,Canberra,False,0.0,HIGH,2,0.0,False,NORMAL
DSS-43,VGR2,17.0,88.0,0.0,0.0,none,2026-04-12T16:17:42.482854+00:00,Canberra,False,0.0,HIGH,2,-2.309401070352161,False,NORMAL
DSS-34,TDR8,293.0,8.0,4000.0,0.0,data,2026-04-12T16:17:42.482854+00:00,Canberra,True,8.294299608857235,LOW,2,0.0,False,NORMAL
DSS-14,DSN,0.0,90.0,0.0,0.0,none,2026-04-12T16:33:32.687660+00:00,Goldstone,False,0.0,HIGH,0,0.0,False,NORMAL
DSS-26,MRO,135.0,45.0,909400.0,0.0,none,2026-04-12T16:33:32.687660+00:00,Goldstone,True,13.72054141999857,MID,0,1.010821806723458,False,NORMAL
DSS-25,M01O,135.0,45.0,0.0,0.0,none,2026-04-12T16:33:32.687660+00:00,Goldstone,False,0.0,MID,0,-2.0816659994661326,False,NORMAL
DSS-24,MMS4,173.0,25.0,2500000.0,0.0,data,2026-04-12T16:33:32.687660+00:00,Goldstone,True,14.731801689838349,MID,0,0.0,False,NORMAL
DSS-53,DSN,0.0,90.0,0.0,0.0,none,2026-04-12T16:33:32.687660+00:00,Madrid,False,0.0,HIGH,1,0.0,False,NORMAL
DSS-56,IMAP,263.0,24.0,714300.0,0.0,data,2026-04-12T16:33:32.687660+00:00,Madrid,True,13.479059721114085,MID,1,0.3333333333333339,False,NORMAL
DSS-65,WIND,248.0,46.0,0.0,0.0,none,2026-04-12T16:33:32.687660+00:00,Madrid,False,0.0,HIGH,1,0.0,False,NORMAL
DSS-55,ESCB,90.0,90.0,0.0,0.0,none,2026-04-12T16:33:32.687660+00:00,Madrid,False,0.0,HIGH,1,0.0,False,NORMAL
DSS-35,DSN,0.0,90.0,0.0,0.0,none,2026-04-12T16:33:32.687660+00:00,Canberra,False,0.0,HIGH,2,0.0,False,NORMAL
DSS-36,DSS,0.0,90.0,0.0,0.0,none,2026-04-12T16:33:32.687660+00:00,Canberra,False,0.0,HIGH,2,0.0,False,NORMAL
DSS-34,TDR8,292.0,8.0,4000.0,0.0,data,2026-04-12T16:33:32.687660+00:00,Canberra,True,8.294299608857235,LOW,2,0.0,False,NORMAL
DSS-43,THC,101.0,9.0,0.0,0.0,none,2026-04-12T16:33:32.687660+00:00,Canberra,False,0.0,LOW,2,0.0,False,NORMAL
DSS-14,DSN,0.0,90.0,0.0,0.0,none,2026-04-12T16:55:27.324934+00:00,Goldstone,False,0.0,HIGH,0,0.0,False,NORMAL
DSS-26,MRO,141.0,48.0,1333000.0,0.0,data,2026-04-12T16:55:27.324934+00:00,Goldstone,True,14.102943349348111,HIGH,0,1.0185122168617677,False,NORMAL
DSS-25,M01O,142.0,48.0,14220.0,0.0,data,2026-04-12T16:55:27.324934+00:00,Goldstone,True,9.562475024372697,HIGH,0,0.46291004988627477,False,NORMAL
DSS-24,MMS4,178.0,26.0,2500000.0,0.0,data,2026-04-12T16:55:27.324934+00:00,Goldstone,True,14.731801689838349,MID,0,0.0,False,NORMAL
DSS-53,DSN,0.0,90.0,0.0,0.0,none,2026-04-12T16:55:27.324934+00:00,Madrid,False,0.0,HIGH,1,0.0,False,NORMAL
DSS-56,IMAP,267.0,20.0,714300.0,0.0,data,2026-04-12T16:55:27.324934+00:00,Madrid,True,13.479059721114085,MID,1,0.31622776601683844,False,NORMAL
DSS-65,WIND,252.0,42.0,6400.0,0.0,data,2026-04-12T16:55:27.324934+00:00,Madrid,True,8.764209507142004,MID,1,0.0,False,NORMAL
DSS-55,ESCB,102.0,39.0,0.0,0.0,none,2026-04-12T16:55:27.324934+00:00,Madrid,False,0.0,MID,1,0.0,False,NORMAL
DSS-35,DSN,0.0,90.0,0.0,0.0,none,2026-04-12T16:55:27.324934+00:00,Canberra,False,0.0,HIGH,2,0.0,False,NORMAL
DSS-36,DSS,0.0,90.0,0.0,0.0,none,2026-04-12T16:55:27.324934+00:00,Canberra,False,0.0,HIGH,2,0.0,False,NORMAL
DSS-34,TDR8,292.0,9.0,4000.0,0.0,data,2026-04-12T16:55:27.324934+00:00,Canberra,True,8.294299608857235,LOW,2,0.0,False,NORMAL
DSS-43,THC,98.0,14.0,1049000.0,0.0,data,2026-04-12T16:55:27.324934+00:00,Canberra,True,13.863348840666827,LOW,2,0.0,False,NORMAL
DSS-14,DSN,0.0,90.0,0.0,0.0,none,2026-04-12T17:09:15.544067+00:00,Goldstone,False,0.0,HIGH,0,0.0,False,NORMAL
DSS-26,MRO,146.0,50.0,1333000.0,0.0,data,2026-04-12T17:09:15.544067+00:00,Goldstone,True,14.102943349348111,HIGH,0,0.9761933207401644,False,NORMAL
DSS-25,M01O,146.0,50.0,14220.0,0.0,data,2026-04-12T17:09:15.544067+00:00,Goldstone,True,9.562475024372697,HIGH,0,0.44721359549995693,False,NORMAL
DSS-24,MMS4,181.0,26.0,2500000.0,0.0,data,2026-04-12T17:09:15.544067+00:00,Goldstone,True,14.731801689838349,MID,0,0.0,False,NORMAL
DSS-53,DSN,0.0,90.0,0.0,0.0,none,2026-04-12T17:09:15.544067+00:00,Madrid,False,0.0,HIGH,1,0.0,False,NORMAL
DSS-56,IMAP,269.0,18.0,714300.0,0.0,data,2026-04-12T17:09:15.544067+00:00,Madrid,True,13.479059721114085,MID,1,0.30151134457776385,False,NORMAL
DSS-65,WIND,255.0,39.0,6400.0,0.0,data,2026-04-12T17:09:15.544067+00:00,Madrid,True,8.764209507142004,MID,1,0.0,False,NORMAL
DSS-55,ESCB,105.0,41.0,0.0,0.0,none,2026-04-12T17:09:15.544067+00:00,Madrid,False,0.0,MID,1,0.0,False,NORMAL
DSS-35,DSN,0.0,90.0,0.0,0.0,none,2026-04-12T17:09:15.544067+00:00,Canberra,False,0.0,HIGH,2,0.0,False,NORMAL
DSS-36,DSS,0.0,90.0,0.0,0.0,none,2026-04-12T17:09:15.544067+00:00,Canberra,False,0.0,HIGH,2,0.0,False,NORMAL
DSS-34,TDR8,15.0,90.0,4000.0,0.0,none,2026-04-12T17:09:15.544067+00:00,Canberra,True,8.294299608857235,HIGH,2,0.0,False,NORMAL
DSS-43,THC,96.0,16.0,1049000.0,0.0,data,2026-04-12T17:09:15.544067+00:00,Canberra,True,13.863348840666827,MID,2,0.0,False,NORMAL
DSS-14,DSN,0.0,90.0,0.0,0.0,none,2026-04-12T17:23:20.465301+00:00,Goldstone,False,0.0,HIGH,0,0.0,False,NORMAL
DSS-26,MRO,151.0,51.0,1333000.0,0.0,data,2026-04-12T17:23:20.465301+00:00,Goldstone,True,14.102943349348111,HIGH,0,0.9387459129525934,False,NORMAL
DSS-25,M01O,151.0,51.0,14220.0,0.0,data,2026-04-12T17:23:20.465301+00:00,Goldstone,True,9.562475024372697,HIGH,0,0.4330127018922182,False,NORMAL
DSS-24,MMS1,185.0,26.0,0.0,0.0,none,2026-04-12T17:23:20.465301+00:00,Goldstone,False,0.0,MID,0,0.0,False,NORMAL
DSS-53,DSN,0.0,90.0,0.0,0.0,none,2026-04-12T17:23:20.465301+00:00,Madrid,False,0.0,HIGH,1,0.0,False,NORMAL
DSS-56,IMAP,272.0,15.0,714300.0,0.0,data,2026-04-12T17:23:20.465301+00:00,Madrid,True,13.479059721114085,MID,1,0.28867513459481314,False,NORMAL
DSS-65,WIND,258.0,37.0,6400.0,0.0,data,2026-04-12T17:23:20.465301+00:00,Madrid,True,8.764209507142004,MID,1,0.0,False,NORMAL
DSS-55,ESCB,108.0,44.0,8000.0,0.0,data,2026-04-12T17:23:20.465301+00:00,Madrid,True,8.987321812850125,MID,1,0.0,False,NORMAL
DSS-35,DSN,0.0,90.0,0.0,0.0,none,2026-04-12T17:23:20.465301+00:00,Canberra,False,0.0,HIGH,2,0.0,False,NORMAL
DSS-36,DSS,0.0,90.0,0.0,0.0,none,2026-04-12T17:23:20.465301+00:00,Canberra,False,0.0,HIGH,2,0.0,False,NORMAL
DSS-43,THC,17.0,88.0,1048000.0,0.0,none,2026-04-12T17:23:20.465301+00:00,Canberra,True,13.862395098061143,HIGH,2,0.0,False,NORMAL
DSS-34,CHDR,15.0,90.0,0.0,0.0,none,2026-04-12T17:23:20.465301+00:00,Canberra,False,0.0,HIGH,2,0.0,False,NORMAL
DSS-14,DSN,0.0,90.0,0.0,0.0,none,2026-04-12T17:43:00.091782+00:00,Goldstone,False,0.0,HIGH,0,0.0,False,NORMAL
DSS-26,MRO,158.0,53.0,1333000.0,0.0,data,2026-04-12T17:43:00.091782+00:00,Goldstone,True,14.102943349348111,HIGH,0,0.9053017981080586,False,NORMAL
DSS-25,M01O,159.0,53.0,14220.0,0.0,data,2026-04-12T17:43:00.091782+00:00,Goldstone,True,9.562475024372697,HIGH,0,0.42008402520840216,False,NORMAL
DSS-24,MMS1,190.0,26.0,2500000.0,0.0,data,2026-04-12T17:43:00.091782+00:00,Goldstone,True,14.731801689838349,MID,0,0.0,False,NORMAL
DSS-53,DSN,0.0,90.0,0.0,0.0,none,2026-04-12T17:43:00.091782+00:00,Madrid,False,0.0,HIGH,1,0.0,False,NORMAL
DSS-56,IMAP,275.0,11.0,714300.0,0.0,data,2026-04-12T17:43:00.091782+00:00,Madrid,True,13.479059721114085,LOW,1,0.27735009811261496,False,NORMAL
DSS-65,WIND,262.0,33.0,6400.0,0.0,data,2026-04-12T17:43:00.091782+00:00,Madrid,True,8.764209507142004,MID,1,0.0,False,NORMAL
DSS-55,ESCB,112.0,47.0,8000.0,0.0,data,2026-04-12T17:43:00.091782+00:00,Madrid,True,8.987321812850125,HIGH,1,0.0,False,NORMAL
DSS-35,DSN,0.0,90.0,0.0,0.0,none,2026-04-12T17:43:00.091782+00:00,Canberra,False,0.0,HIGH,2,0.0,False,NORMAL
DSS-36,DSS,0.0,90.0,0.0,0.0,none,2026-04-12T17:43:00.091782+00:00,Canberra,False,0.0,HIGH,2,0.0,False,NORMAL
DSS-34,CHDR,31.0,25.0,0.0,0.0,none,2026-04-12T17:43:00.091782+00:00,Canberra,False,0.0,MID,2,0.0,False,NORMAL
DSS-14,DSN,0.0,90.0,0.0,0.0,none,2026-04-12T18:00:09.838125+00:00,Goldstone,False,0.0,HIGH,0,0.0,False,NORMAL
DSS-26,MRO,165.0,54.0,1333000.0,0.0,data,2026-04-12T18:00:09.838125+00:00,Goldstone,True,14.102943349348111,HIGH,0,0.875195024417646,False,NORMAL
DSS-25,M01O,166.0,54.0,14220.0,0.0,data,2026-04-12T18:00:09.838125+00:00,Goldstone,True,9.562475024372697,HIGH,0,0.40824829046386246,False,NORMAL
DSS-24,MMS1,194.0,25.0,2500000.0,0.0,data,2026-04-12T18:00:09.838125+00:00,Goldstone,True,14.731801689838349,MID,0,0.0,False,NORMAL
DSS-53,DSN,0.0,90.0,0.0,0.0,none,2026-04-12T18:00:09.838125+00:00,Madrid,False,0.0,HIGH,1,0.0,False,NORMAL
DSS-56,IMAP,90.0,90.0,0.0,0.0,none,2026-04-12T18:00:09.838125+00:00,Madrid,False,0.0,HIGH,1,-2.5495097567963922,False,NORMAL
DSS-65,WIND,265.0,30.0,6400.0,0.0,data,2026-04-12T18:00:09.838125+00:00,Madrid,True,8.764209507142004,MID,1,0.0,False,NORMAL
DSS-55,ESCB,117.0,50.0,8000.0,0.0,data,2026-04-12T18:00:09.838125+00:00,Madrid,True,8.987321812850125,HIGH,1,0.0,False,NORMAL
DSS-35,DSN,0.0,90.0,0.0,0.0,none,2026-04-12T18:00:09.838125+00:00,Canberra,False,0.0,HIGH,2,0.0,False,NORMAL
DSS-36,DSS,0.0,90.0,0.0,0.0,none,2026-04-12T18:00:09.838125+00:00,Canberra,False,0.0,HIGH,2,0.0,False,NORMAL
DSS-34,CHDR,27.0,27.0,0.0,0.0,none,2026-04-12T18:00:09.838125+00:00,Canberra,False,0.0,MID,2,0.0,False,NORMAL
DSS-43,VGR2,130.0,53.0,0.0,0.0,none,2026-04-12T18:00:09.838125+00:00,Canberra,False,0.0,HIGH,2,-1.9999999956199563,False,NORMAL
DSS-14,DSN,0.0,90.0,0.0,0.0,none,2026-04-12T18:22:53.342202+00:00,Goldstone,False,0.0,HIGH,0,0.0,False,NORMAL
DSS-26,MRO,175.0,55.0,1687000.0,0.0,none,2026-04-12T18:22:53.342202+00:00,Goldstone,True,14.338462954296157,HIGH,0,0.8806203581549691,False,NORMAL
DSS-25,M01O,175.0,55.0,14220.0,0.0,data,2026-04-12T18:22:53.342202+00:00,Goldstone,True,9.562475024372697,HIGH,0,0.39735970711951235,False,NORMAL
DSS-24,MMS1,180.0,90.0,2500000.0,0.0,none,2026-04-12T18:22:53.342202+00:00,Goldstone,True,14.731801689838349,HIGH,0,0.0,False,NORMAL
DSS-53,DSN,0.0,90.0,0.0,0.0,none,2026-04-12T18:22:53.342202+00:00,Madrid,False,0.0,HIGH,1,0.0,False,NORMAL
DSS-65,WIND,269.0,26.0,6400.0,0.0,data,2026-04-12T18:22:53.342202+00:00,Madrid,True,8.764209507142004,MID,1,0.0,False,NORMAL
DSS-55,ESCB,123.0,54.0,8000.0,0.0,data,2026-04-12T18:22:53.342202+00:00,Madrid,True,8.987321812850125,HIGH,1,0.0,False,NORMAL
DSS-35,DSN,0.0,90.0,0.0,0.0,none,2026-04-12T18:22:53.342202+00:00,Canberra,False,0.0,HIGH,2,0.0,False,NORMAL
DSS-36,DSS,0.0,90.0,0.0,0.0,none,2026-04-12T18:22:53.342202+00:00,Canberra,False,0.0,HIGH,2,0.0,False,NORMAL
DSS-34,CHDR,22.0,30.0,1188000.0,0.0,data,2026-04-12T18:22:53.342202+00:00,Canberra,True,13.987782620655215,MID,2,0.0,False,NORMAL
DSS-43,VGR2,146.0,55.0,160.0,0.0,data,2026-04-12T18:22:53.342202+00:00,Canberra,True,5.081404364984463,HIGH,2,0.48508956559574484,False,NORMAL
DSS-14,DSN,0.0,90.0,0.0,0.0,none,2026-04-12T18:44:45.482750+00:00,Goldstone,False,0.0,HIGH,0,0.0,False,NORMAL
DSS-26,MRO,185.0,55.0,1333000.0,0.0,data,2026-04-12T18:44:45.482750+00:00,Goldstone,True,14.102943349348111,HIGH,0,0.8209740941472992,False,NORMAL
DSS-25,M01O,185.0,55.0,14220.0,0.0,none,2026-04-12T18:44:45.482750+00:00,Goldstone,True,9.562475024372697,HIGH,0,0.38729833462074065,False,NORMAL
DSS-24,SOHO,180.0,90.0,0.0,0.0,data,2026-04-12T18:44:45.482750+00:00,Goldstone,False,0.0,HIGH,0,-2.0,False,NORMAL
DSS-53,DSN,0.0,90.0,0.0,0.0,none,2026-04-12T18:44:45.482750+00:00,Madrid,False,0.0,HIGH,1,0.0,False,NORMAL
DSS-65,WIND,272.0,21.0,6400.0,0.0,data,2026-04-12T18:44:45.482750+00:00,Madrid,True,8.764209507142004,MID,1,0.0,False,NORMAL
DSS-55,ESCB,130.0,57.0,8000.0,0.0,data,2026-04-12T18:44:45.482750+00:00,Madrid,True,8.987321812850125,HIGH,1,0.0,False,NORMAL
DSS-35,DSN,0.0,90.0,0.0,0.0,none,2026-04-12T18:44:45.482750+00:00,Canberra,False,0.0,HIGH,2,0.0,False,NORMAL
DSS-36,DSS,0.0,90.0,0.0,0.0,none,2026-04-12T18:44:45.482750+00:00,Canberra,False,0.0,HIGH,2,0.0,False,NORMAL
DSS-34,CHDR,17.0,32.0,1188000.0,0.0,data,2026-04-12T18:44:45.482750+00:00,Canberra,True,13.987782620655215,MID,2,0.0,False,NORMAL
DSS-43,VGR2,148.0,58.0,160.0,0.0,data,2026-04-12T18:44:45.482750+00:00,Canberra,True,5.081404364984463,HIGH,2,0.4714221319150959,False,NORMAL
DSS-14,DSN,0.0,90.0,0.0,0.0,none,2026-04-12T19:08:03.431492+00:00,Goldstone,False,0.0,HIGH,0,0.0,False,NORMAL
DSS-26,MRO,194.0,54.0,1333000.0,0.0,data,2026-04-12T19:08:03.431492+00:00,Goldstone,True,14.102943349348111,HIGH,0,0.7982579572075162,False,NORMAL
DSS-25,M01O,195.0,54.0,14220.0,0.0,data,2026-04-12T19:08:03.431492+00:00,Goldstone,True,9.562475024372697,HIGH,0,0.37796447300922614,False,NORMAL
DSS-24,SOHO,202.0,51.0,0.0,0.0,none,2026-04-12T19:08:03.431492+00:00,Goldstone,False,0.0,HIGH,0,-1.7888543819998317,False,NORMAL
DSS-53,DSN,0.0,90.0,0.0,0.0,none,2026-04-12T19:08:03.431492+00:00,Madrid,False,0.0,HIGH,1,0.0,False,NORMAL
DSS-65,WIND,276.0,17.0,6400.0,0.0,data,2026-04-12T19:08:03.431492+00:00,Madrid,True,8.764209507142004,MID,1,0.49999999999999994,False,NORMAL
DSS-55,ESCB,139.0,61.0,8000.0,0.0,data,2026-04-12T19:08:03.431492+00:00,Madrid,True,8.987321812850125,HIGH,1,0.0,False,NORMAL
DSS-35,DSN,0.0,90.0,0.0,0.0,none,2026-04-12T19:08:03.431492+00:00,Canberra,False,0.0,HIGH,2,0.0,False,NORMAL
DSS-36,DSS,0.0,90.0,0.0,0.0,none,2026-04-12T19:08:03.431492+00:00,Canberra,False,0.0,HIGH,2,0.0,False,NORMAL
DSS-34,CHDR,15.0,90.0,1188000.0,0.0,none,2026-04-12T19:08:03.431492+00:00,Canberra,True,13.987782620655215,HIGH,2,0.0,False,NORMAL
DSS-43,VGR2,152.0,60.0,160.0,0.0,data,2026-04-12T19:08:03.431492+00:00,Canberra,True,5.081404364984463,HIGH,2,0.45884844510883377,False,NORMAL
DSS-14,DSN,0.0,90.0,0.0,0.0,none,2026-04-12T19:27:41.693171+00:00,Goldstone,False,0.0,HIGH,0,0.0,False,NORMAL
DSS-26,MRO,202.0,53.0,1333000.0,0.0,data,2026-04-12T19:27:41.693171+00:00,Goldstone,True,14.102943349348111,HIGH,0,0.7773287945069299,False,NORMAL
DSS-25,M01O,203.0,52.0,14220.0,0.0,data,2026-04-12T19:27:41.693171+00:00,Goldstone,True,9.562475024372697,HIGH,0,0.36927447293799737,False,NORMAL
DSS-24,SOHO,209.0,49.0,245800.0,0.0,data,2026-04-12T19:27:41.693171+00:00,Goldstone,True,12.412277544454046,HIGH,0,0.5423261445466409,False,NORMAL
DSS-53,DSN,0.0,90.0,0.0,0.0,none,2026-04-12T19:27:41.693171+00:00,Madrid,False,0.0,HIGH,1,0.0,False,NORMAL
DSS-65,WIND,80.0,90.0,6411.0,0.0,none,2026-04-12T19:27:41.693171+00:00,Madrid,True,8.765926513729443,HIGH,1,0.47185601162300245,False,NORMAL
DSS-55,ESCB,148.0,63.0,8000.0,0.0,data,2026-04-12T19:27:41.693171+00:00,Madrid,True,8.987321812850123,HIGH,1,0.6546536707079768,False,NORMAL
DSS-35,DSN,0.0,90.0,0.0,0.0,none,2026-04-12T19:27:41.693171+00:00,Canberra,False,0.0,HIGH,2,0.0,False,NORMAL
DSS-36,DSS,0.0,90.0,0.0,0.0,none,2026-04-12T19:27:41.693171+00:00,Canberra,False,0.0,HIGH,2,0.0,False,NORMAL
DSS-43,VGR2,155.0,62.0,160.0,0.0,data,2026-04-12T19:27:41.693171+00:00,Canberra,True,5.081404364984463,HIGH,2,0.4472299990919724,False,NORMAL
DSS-34,TDR8,15.0,90.0,0.0,0.0,none,2026-04-12T19:27:41.693171+00:00,Canberra,False,0.0,HIGH,2,0.0,False,NORMAL
DSS-14,DSN,0.0,90.0,0.0,0.0,none,2026-04-12T19:45:06.508270+00:00,Goldstone,False,0.0,HIGH,0,0.0,False,NORMAL
DSS-26,MRO,209.0,51.0,1333000.0,0.0,data,2026-04-12T19:45:06.508270+00:00,Goldstone,True,14.102943349348111,HIGH,0,0.7579639692827492,False,NORMAL
DSS-25,M01O,209.0,51.0,14220.0,0.0,data,2026-04-12T19:45:06.508270+00:00,Goldstone,True,9.562475024372697,HIGH,0,0.36115755925730664,False,NORMAL
DSS-24,SOHO,215.0,47.0,245800.0,0.0,data,2026-04-12T19:45:06.508270+00:00,Goldstone,True,12.412277544454046,HIGH,0,0.5270462766947301,False,NORMAL
DSS-53,DSN,0.0,90.0,0.0,0.0,none,2026-04-12T19:45:06.508270+00:00,Madrid,False,0.0,HIGH,1,0.0,False,NORMAL
DSS-55,ESCB,157.0,64.0,8000.0,0.0,data,2026-04-12T19:45:06.508270+00:00,Madrid,True,8.987321812850125,HIGH,1,0.6123724356957944,False,NORMAL
DSS-35,DSN,0.0,90.0,0.0,0.0,none,2026-04-12T19:45:06.508270+00:00,Canberra,False,0.0,HIGH,2,0.0,False,NORMAL
DSS-36,DSS,0.0,90.0,0.0,0.0,none,2026-04-12T19:45:06.508270+00:00,Canberra,False,0.0,HIGH,2,0.0,False,NORMAL
DSS-43,VGR2,159.0,63.0,160.0,0.0,data,2026-04-12T19:45:06.508270+00:00,Canberra,True,5.081404364984463,HIGH,2,0.4364516616819584,False,NORMAL
DSS-34,TDR8,284.0,14.0,0.0,0.0,none,2026-04-12T19:45:06.508270+00:00,Canberra,False,0.0,LOW,2,-1.5275252316519465,False,NORMAL
DSS-14,DSN,0.0,90.0,0.0,0.0,none,2026-04-12T19:59:31.022812+00:00,Goldstone,False,0.0,HIGH,0,0.0,False,NORMAL
DSS-26,MRO,214.0,49.0,2004000.0,0.0,none,2026-04-12T19:59:31.022812+00:00,Goldstone,True,14.510656240188764,HIGH,0,0.7991836338943246,False,NORMAL
DSS-25,M01O,214.0,49.0,14220.0,0.0,data,2026-04-12T19:59:31.022812+00:00,Goldstone,True,9.562475024372697,HIGH,0,0.35355339059327284,False,NORMAL
DSS-24,SOHO,220.0,46.0,245800.0,0.0,data,2026-04-12T19:59:31.022812+00:00,Goldstone,True,12.412277544454046,HIGH,0,0.5129891760425775,False,NORMAL
DSS-53,DSN,0.0,90.0,0.0,0.0,none,2026-04-12T19:59:31.022812+00:00,Madrid,False,0.0,HIGH,1,0.0,False,NORMAL
DSS-55,ESCB,165.0,65.0,8000.0,0.0,data,2026-04-12T19:59:31.022812+00:00,Madrid,True,8.987321812850123,HIGH,1,0.5773502691896251,False,NORMAL
DSS-35,DSN,0.0,90.0,0.0,0.0,none,2026-04-12T19:59:31.022812+00:00,Canberra,False,0.0,HIGH,2,0.0,False,NORMAL
DSS-36,DSS,0.0,90.0,0.0,0.0,none,2026-04-12T19:59:31.022812+00:00,Canberra,False,0.0,HIGH,2,0.0,False,NORMAL
DSS-43,VGR2,163.0,64.0,160.0,0.0,data,2026-04-12T19:59:31.022812+00:00,Canberra,True,5.081404364984463,HIGH,2,0.4264168359367969,False,NORMAL
DSS-34,TDR8,283.0,14.0,0.0,0.0,none,2026-04-12T19:59:31.022812+00:00,Canberra,False,0.0,LOW,2,-1.3228756555322954,False,NORMAL
